Rempel-Deckow,Keebler Inc
Pouros Rowe and West,Sanford-DuBuque
Feeney Inc,Sanford-DuBuque
Murazik Heathcote and Renner,Sanford-DuBuque
Zieme-Stroman,Hane-Casper
Wilkinson Inc,Wolf LLC
Harvey-Hilpert,Harber-Lind
Murazik Heller and Stoltenberg,Parker Group
Murphy-Weber,Sanford-DuBuque
Moore-Lubowitz,Sanford Inc
Wiegand-Dietrich,Wolf LLC
Schiller LLC,Keebler Inc
Koelpin-Ondricka,Wolf LLC
Romaguera-Koelpin,Keebler Inc
Parker-Wuckert,Sanford Inc
Schoen Hudson and Stanton,Keebler Inc
O'Kon Feest and McDermott,Wolf LLC
Wolff Johnson and Altenwerth,Wolf LLC
Wolff-Steuber,Keebler Inc
Okuneva-Bradtke,Sanford Inc
Nitzsche Cruickshank and Schuppe,Wolf LLC
Hagenes-Skiles,Sanford Inc
Sauer Group,Sanford Inc
Bode-Veum,Sanford Inc
Hettinger Inc,Sanford Inc
Satterfield Rutherford and Harris,Sanford-DuBuque
Kirlin Swift and Mayert,Keebler Inc
Connelly-Rath,Lemke Hammes and Grimes
Welch-Crona,Keebler Inc
Rohan-Gutmann,Rodriguez Sawayn and Rice
Mohr Raynor and Zemlak,Beer Inc
Gleichner Group,Sanford Inc
Schaefer LLC,Denesik Rodriguez and Kirlin
Gleason Hessel and Rowe,Beer Inc
Ferry Herman and Bradtke,Roberts Doyle and Zieme
Pollich Inc,Reynolds-Rowe
Champlin LLC,Casper Bernhard and Hilpert
Hintz-Schmeler,Smitham Doyle and Kub
Walter-Rau,Hane-Casper
Schaden-Gusikowski,Wolf LLC
Lueilwitz-Daniel,Littel-Schuppe
Kozey Group,Schumm Block and Sanford
Barton LLC,Sanford-DuBuque
Romaguera-Connelly,Kassulke-Schmitt
Schmitt-Mueller,Lindgren Koelpin and Hettinger
Trantow Inc,Bergstrom-Mueller
Gerhold-Moen,Keebler Inc
Glover-Muller,Sauer Group
Heller LLC,Lebsack Group
Bode Inc,Sanford-DuBuque
Grady-Kuphal,Parker Group
Bode Kirlin and Morissette,Beer Inc
Flatley-Sawayn,Morar LLC
Moen LLC,Keeling Boyle and Fahey
Walsh McGlynn and Grimes,Beer Inc
Stroman Group,Schultz-Bergstrom
Koch Reilly and Schroeder,Hane-Casper
Steuber Inc,Schultz-Bergstrom
Leuschke-Marvin,Botsford Inc
Upton LLC,Casper Keebler and Lakin
Douglas-Lebsack,Watsica-O'Connell
Nitzsche-Douglas,Renner-Morissette
Morissette-Sipes,Beer Inc
Champlin Rohan and Dare,Keebler Inc
Gulgowski and Sons,Lemke Hammes and Grimes
Huels-Schoen,Pouros-Brown
Murray and Sons,Lindgren Koelpin and Hettinger
Lindgren and Sons,Sanford-DuBuque
Collins-Ortiz,Sanford Inc
Klein-McLaughlin,Keebler Inc
Schaden-Cremin,Botsford Inc
Herman Romaguera and Glover,Botsford Inc
Fritsch-Marvin,Reynolds-Rowe
Reynolds-Schinner,Casper Bernhard and Hilpert
Schaefer Inc,Smitham Doyle and Kub
Cummerata Miller and Sawayn,Schultz-Bergstrom
Berge Hayes and O'Keefe,Wolf LLC
Cartwright Legros and Reynolds,Botsford Inc
Robel-Ledner,Keebler Inc
Leuschke-Lind,Ratke Group
Lindgren Ondricka and Friesen,Kassulke-Schmitt
Huel-Murazik,Lindgren Koelpin and Hettinger
Batz Inc,Bergstrom-Mueller
Hettinger-Lynch,Botsford Inc
Russel-Hagenes,Hane-Casper
Trantow Bogisich and Smith,Schultz-Bergstrom
Upton-Krajcik,Harber-Lind
Moen-Weissnat,Parker Group
Rodriguez Robel and Schuppe,Prosacco Gutkowski and Stiedemann
Haag Group,Morar LLC
Langosh and Sons,Keeling Boyle and Fahey
Romaguera-Braun,Will-Pfeffer
Pouros-Mante,Schultz-Bergstrom
Simonis-Hermann,Prosacco-Waters
Pacocha Strosin and Dietrich,Schultz-Bergstrom
Reichel-Hilpert,Botsford Inc
Cormier-Moen,Casper Keebler and Lakin
Heidenreich-Connelly,Hane-Casper
Lehner-Jast,Renner-Morissette
Hoppe-Feeney,Beer Inc
