1,Marci Alabone,malabone0@taobao.com,2017-08-01,6895226967,9011850836
2,Rabi Manueli,rmanueli1@icq.com,2017-07-14,3971745985,8812808061
3,Alyse Marven,amarven2@mozilla.com,2017-11-16,4304878761,9089428439
4,Helenelizabeth Bascomb,hbascomb3@nba.com,2017-05-10,9133746228,7841430618
5,Jaymie Luparti,jluparti4@oracle.com,2017-06-10,5528555996,5787899155
6,Emma McQueen,emcqueen5@toplist.cz,2017-07-30,4442851061,9321522408
7,Dulcea Alison,dalison6@xrea.com,2017-02-23,8349951290,2718623469
8,Hervey Jecks,hjecks7@cbslocal.com,2017-07-07,3991499354,6223612414
9,Justen Rozzell,jrozzell8@deliciousdays.com,2017-04-06,2579624081,4777681599
10,Noemi MacTavish,nmactavish9@sourceforge.net,2017-07-06,6673346711,2595336291
11,Jandy Bratley,jbratleya@timesonline.co.uk,2017-04-10,3639381692,3305487098
12,Mercedes Corston,mcorstonb@guardian.co.uk,2017-03-21,9556587259,8934279720
13,Johanna Dusey,jduseyc@china.com.cn,2018-01-22,5403285884,5307524502
14,Merl Enderwick,menderwickd@pagesperso-orange.fr,2017-10-09,1026196963,8906967073
15,Wolfgang Goldie,wgoldiee@wix.com,2017-05-23,9011690526,5765588432
16,Toddie Kilford,tkilfordf@reddit.com,2017-12-15,6686759191,1812439682
17,Killian Esler,keslerg@usgs.gov,2017-10-07,2845977235,6096165586
18,Ruben Lonsdale,rlonsdaleh@joomla.org,2018-02-03,9549826674,7026729447
19,Stearne Weinmann,sweinmanni@reuters.com,2017-05-25,3172896957,9214243025
20,Velvet Barfield,vbarfieldj@mozilla.com,2017-10-15,9678545286,2723424568
21,Jessy Antcliff,jantcliffk@spotify.com,2017-07-02,4842019644,4549549788
22,Kania Hadleigh,khadleighl@psu.edu,2017-06-30,3869530853,1728228399
23,Brewster Fenne,bfennem@example.com,2018-01-05,9236757944,4021375129
24,Twyla Robotham,trobothamn@joomla.org,2017-06-24,8053602839,5047643165
25,Lamont Boorn,lboorno@opensource.org,2017-06-10,1561975689,9917883785
26,Kippy Stubbington,kstubbingtonp@opera.com,2017-11-17,7372881468,2252829752
27,Dickie Haylor,dhaylorq@seesaa.net,2017-08-01,3425590731,1584936606
28,Darlene Busfield,dbusfieldr@hostgator.com,2017-10-03,4221050001,7239954780
29,Norina Bacup,nbacups@de.vu,2017-11-08,3788747450,5039333228
30,Bentley Digges,bdiggest@issuu.com,2017-11-27,9482592461,7437749705
31,Barbette Tincombe,btincombeu@netscape.com,2017-12-28,8293041488,7885441374
32,Balduin Postill,bpostillv@lycos.com,2017-06-20,2561606700,6243410237
33,Bertina Ference,bferencew@scribd.com,2017-09-01,8312340850,2992355248
34,Patten Yielding,pyieldingx@virginia.edu,2017-09-27,1713366300,3713109117
35,Tallia Rubinowitch,trubinowitchy@dion.ne.jp,2017-05-06,7354123673,9392018481
36,Val Pilmore,vpilmorez@soundcloud.com,2018-02-12,2663388916,4232524968
37,Jude Atto,jatto10@google.es,2017-09-19,7796314593,7485646430
38,Caty Capps,ccapps11@businessweek.com,2017-03-10,2396526833,9919307755
39,Lay Koles,lkoles12@auda.org.au,2017-12-27,9929804278,5926144703
40,Killie Whillock,kwhillock13@behance.net,2017-02-24,1804375270,4369403647
41,Marcelline Jerrom,mjerrom14@bluehost.com,2017-11-26,3111086358,3536628067
42,Ede O'Dea,eodea15@cdc.gov,2017-10-21,9273472206,6876771227
43,Tobiah Kissack,tkissack16@4shared.com,2017-05-09,9021136374,5474160744
44,Cobbie Kirby,ckirby17@google.co.jp,2017-05-26,6631087765,5013416517
45,Crin Rappa,crappa18@utexas.edu,2017-05-16,1479902505,6732035555
46,Gregor Bawdon,gbawdon19@exblog.jp,2017-08-20,7672085340,5225672544
47,Dorie Brooking,dbrooking1a@ucoz.ru,2017-04-20,5155271922,5365956977
48,Vinson Emerine,vemerine1b@domainmarket.com,2017-08-11,6587277964,1633464871
49,Mariette Czaja,mczaja1c@latimes.com,2017-12-06,9899158173,1425303862
50,Myrta Mosby,mmosby1d@behance.net,2017-09-06,2669362492,2719715445
51,Quintina McAuslene,qmcauslene1e@yellowpages.com,2018-02-09,1915608306,6224465026
52,Burt Wisher,bwisher1f@scientificamerican.com,2017-06-29,3287192398,1395551801
53,Burt Smuth,bsmuth1g@jimdo.com,2017-03-12,4144530563,2751461369
54,Leda Caddy,lcaddy1h@patch.com,2017-06-23,2671868603,7645830489
55,Ailina Matokhnin,amatokhnin1i@lycos.com,2017-09-12,9589375572,8423042575
56,Cash Flaune,cflaune1j@unc.edu,2017-11-16,4049291667,3538415844
57,Ines Cadany,icadany1k@timesonline.co.uk,2017-04-26,5277518255,1232477916
58,Riobard Dadson,rdadson1l@amazon.de,2017-05-16,3957841595,1547746845
59,Cris Marc,cmarc1m@a8.net,2017-07-16,7528329390,8044459685
60,Krystle Rizzelli,krizzelli1n@newyorker.com,2017-04-08,1077405094,4684478824
61,Stevana Ziems,sziems1o@cbsnews.com,2018-02-14,3949938089,1462530123
62,Fanechka Laible,flaible1p@prnewswire.com,2017-10-14,3664209862,6656893068
63,Bryan Chasmer,bchasmer1q@yellowbook.com,2017-03-27,7024522582,1034667817
64,Ivan MacTrusty,imactrusty1r@mail.ru,2018-01-27,3963878480,8626362985
65,Gill Staite,gstaite1s@cnbc.com,2017-12-23,1883981371,9134149279
66,Lisabeth Davidsen,ldavidsen1t@nih.gov,2017-10-22,4364695573,1867914945
67,Yard Nears,ynears1u@blog.com,2017-08-14,3025150671,9856570303
68,Amelina Himsworth,ahimsworth1v@google.com.au,2017-03-07,2983091721,7964625007
69,Syman Revelle,srevelle1w@scientificamerican.com,2017-09-11,8814275949,8638236903
70,Pippy Van Brug,pvan1x@mail.ru,2017-06-18,8396642622,4024019961
71,Erin Hawick,ehawick1y@dedecms.com,2017-10-29,5387812167,4079933847
72,Fred Mathieson,fmathieson1z@wordpress.com,2017-09-29,5224642642,5906310240
73,Rossy Byron,rbyron20@google.ca,2017-07-05,2394274438,4853051409
74,Garnet Gaskin,ggaskin21@nyu.edu,2017-03-14,6245158183,4496423140
75,Eleni Aitchinson,eaitchinson22@uol.com.br,2017-08-14,3715719009,9254504893
76,Almira Simmank,asimmank23@ucla.edu,2018-02-06,2302675329,2636399710
77,Earle Gaspard,egaspard24@facebook.com,2017-06-14,2831496802,6814388967
78,Ange Vankin,avankin25@qq.com,2017-05-12,4806353701,6798681256
79,Inga Joret,ijoret26@ezinearticles.com,2017-08-05,1096593275,5972768270
80,Almeria Jordine,ajordine27@deliciousdays.com,2017-10-06,8016371365,4621980200
81,Kylen Volks,kvolks28@shutterfly.com,2018-02-15,5224692690,9786370225
82,Laureen Easton,leaston29@privacy.gov.au,2017-04-27,7816056317,1695112272
83,Serene Fawlkes,sfawlkes2a@reverbnation.com,2017-06-01,9815097228,2868959288
84,Modesta Makey,mmakey2b@adobe.com,2017-03-04,9439076298,7502030449
85,Charla Ram,cram2c@blogger.com,2017-03-10,9185096345,5642579643
86,Cara Shemming,cshemming2d@skyrock.com,2017-06-25,4891157776,8246362099
87,Dru Gerhardt,dgerhardt2e@cornell.edu,2017-04-08,9859594107,8305551479
88,Ruby De Zamudio,rde2f@studiopress.com,2017-12-13,9837174293,8532679945
89,Wilfrid Viccary,wviccary2g@biglobe.ne.jp,2017-12-06,5414657555,1639443105
90,Duffy Irdale,dirdale2h@npr.org,2017-11-15,8857206876,2338330721
91,Shoshana Waywell,swaywell2i@about.com,2018-01-25,5374078999,7447920699
92,Arleta Krahl,akrahl2j@freewebs.com,2018-02-09,7471138378,4717724242
93,Vernor Brotherheed,vbrotherheed2k@cmu.edu,2017-12-15,2194725484,5961552105
94,Thatcher Dumigan,tdumigan2l@newyorker.com,2017-07-22,8084907256,4427207912
95,Prince McEnery,pmcenery2m@mail.ru,2018-01-23,8072696083,4236942560
96,Marlyn Lannon,mlannon2n@rakuten.co.jp,2017-02-25,5123792705,7194705075
97,Judd Ethridge,jethridge2o@slate.com,2017-03-05,3039217254,4836158912
98,El Fishlock,efishlock2p@seesaa.net,2017-07-17,5632253281,2488725604
99,Manny Carlo,mcarlo2q@si.edu,2017-07-13,2376007771,3174045106
100,Ripley Raybould,rraybould2r@mysql.com,2017-11-03,7775340272,4048056069
101,Lucien Bree,lbree2s@odnoklassniki.ru,2017-11-30,7697843034,8024619856
102,Roxanna Woolis,rwoolis2t@un.org,2017-03-17,6759008364,1304378745
103,Wallace Haugg,whaugg2u@salon.com,2017-04-19,2633825583,2278541061
104,Miner Gilchrist,mgilchrist2v@reverbnation.com,2018-02-08,4747190363,4818352007
105,Jdavie Robathon,jrobathon2w@prlog.org,2017-03-26,4843367607,4656866730
106,Aron Fish,afish2x@infoseek.co.jp,2017-04-03,6776110003,8873679244
107,Blair Biscomb,bbiscomb2y@edublogs.org,2018-02-18,3164939931,8635179203
108,Adina Gartshore,agartshore2z@1und1.de,2018-02-21,2436403729,1262531927
109,Anica Thurston,athurston30@hp.com,2017-04-03,3214780752,4728981357
110,Enos Yakubowicz,eyakubowicz31@paypal.com,2018-01-14,2444009230,7431818139
111,Susanetta Schapiro,sschapiro32@opensource.org,2017-08-07,5296788904,6149872505
112,Gilligan Danne,gdanne33@is.gd,2018-02-19,9095493351,2336769800
113,Hester Casacchia,hcasacchia34@fotki.com,2017-03-28,4832240846,6031102849
114,Audra Eannetta,aeannetta35@github.io,2017-03-30,8834966019,5395147009
115,Annora Oloman,aoloman36@technorati.com,2017-12-19,7713387795,1924604657
116,Edmon Ikin,eikin37@vkontakte.ru,2017-12-14,2057664553,1298950897
117,Aileen Flageul,aflageul38@toplist.cz,2017-05-14,6456896557,6402233246
118,Taddeo Dunkerly,tdunkerly39@senate.gov,2017-09-16,8448802602,6031381207
119,Gates Rumsey,grumsey3a@abc.net.au,2018-01-30,5622895553,7462306353
120,Gav Comport,gcomport3b@elpais.com,2017-07-01,2982529701,8955398884
121,Clotilda Evert,cevert3c@vistaprint.com,2018-01-28,8156356106,3466524177
122,Thorpe Guillou,tguillou3d@wiley.com,2018-02-07,8588595060,7674278688
123,Abran Father,afather3e@ask.com,2017-03-05,1468429317,7996024353
124,Fiorenze Rolin,frolin3f@ftc.gov,2017-06-24,3963335112,3132125989
125,Minna Lawford,mlawford3g@thetimes.co.uk,2017-05-10,5294287576,7532309151
126,Inge Gurwood,igurwood3h@cloudflare.com,2018-01-09,1757933825,6494848832
127,Binky Ealden,bealden3i@xinhuanet.com,2017-03-13,5657283156,9727686075
128,Nappie Darrel,ndarrel3j@google.co.jp,2017-12-17,1052800041,6622393084
129,Winn Hassard,whassard3k@shinystat.com,2017-05-19,1793859628,5201514198
130,Shawnee Baudins,sbaudins3l@washington.edu,2017-06-27,7938260881,1463493154
131,Denyse Sebright,dsebright3m@wsj.com,2017-04-26,8651802637,7336897017
132,Rora Harfoot,rharfoot3n@examiner.com,2017-07-01,6513695958,4265381082
133,Gene Antos,gantos3o@bbc.co.uk,2017-11-03,1302191654,3067933022
134,Ofella Simonett,osimonett3p@discuz.net,2018-02-03,6657924187,9774129901
135,Jordanna Oaten,joaten3q@shareasale.com,2017-03-28,9935434619,8454782991
136,Mamie Beneix,mbeneix3r@gizmodo.com,2017-06-16,5019262887,3136119478
137,Loreen Tandy,ltandy3s@telegraph.co.uk,2017-11-04,8973665814,3275809721
138,Billi Izatt,bizatt3t@tamu.edu,2017-03-20,8224331936,7489724515
139,Xylia Lighton,xlighton3u@ca.gov,2017-03-30,2816888317,9911733895
140,Felike Fellini,ffellini3v@miitbeian.gov.cn,2017-04-04,6433896729,4589924733
141,Saloma Gavagan,sgavagan3w@ucla.edu,2017-06-03,1022540600,6665419089
142,Nedi Ellerby,nellerby3x@ehow.com,2017-06-19,8263037650,3089109609
143,Colas Tullis,ctullis3y@fema.gov,2017-08-10,7723629306,2854699511
144,Sascha Branni,sbranni3z@dyndns.org,2018-02-19,2758633111,8726921721
145,Huberto Cockayne,hcockayne40@cpanel.net,2017-09-11,8882576590,2994062873
146,Ellswerth Kingstne,ekingstne41@wikipedia.org,2017-06-22,1686122002,6708031773
147,Lonnie Beddows,lbeddows42@nps.gov,2017-10-15,2838178942,8654726146
148,Nat Collison,ncollison43@networkadvertising.org,2017-04-29,7595454593,4391463503
149,Tom Ratlee,tratlee44@marriott.com,2017-05-22,3332894070,7884336392
150,Arlin Oscroft,aoscroft45@businesswire.com,2018-02-10,2446171979,4355378081
151,Emiline Coram,ecoram46@mysql.com,2018-01-11,7454084159,9416414332
152,Koo Backman,kbackman47@tuttocitta.it,2017-10-20,5287069037,4338684737
153,Laraine Witherow,lwitherow48@businesswire.com,2017-07-31,9018101669,6157398128
154,Mackenzie Penney,mpenney49@nasa.gov,2017-12-27,5556584720,6308336509
155,Robbi Lyfield,rlyfield4a@stanford.edu,2017-12-04,4741025777,4814301506
156,Diane Kierans,dkierans4b@symantec.com,2018-01-23,7058043298,7649746634
157,Livy De Lasci,lde4c@pen.io,2017-05-02,9138879747,9422741140
158,Reeta Fallens,rfallens4d@accuweather.com,2017-09-24,1745631698,4815260508
159,Marlon Florez,mflorez4e@drupal.org,2018-01-01,1201981819,7047892864
160,Griffin Raittie,graittie4f@gizmodo.com,2017-06-01,4808277512,9473192679
161,Eward Woodruffe,ewoodruffe4g@deviantart.com,2017-05-07,7046811106,7147947383
162,Betta Luckcock,bluckcock4h@storify.com,2018-01-19,7013746271,9411835912
163,Finn MacAscaidh,fmacascaidh4i@webmd.com,2017-09-11,7064895075,7283331818
164,Syman Absalom,sabsalom4j@apache.org,2017-11-16,7346078662,5318764502
165,Maryanne Chaytor,mchaytor4k@bbc.co.uk,2017-11-12,3284888733,6252734702
166,Maritsa Abbotts,mabbotts4l@wiley.com,2017-04-27,5266845245,4383674897
167,Jillana Guesford,jguesford4m@shutterfly.com,2018-02-15,2044245185,6439237027
168,Merola Playfair,mplayfair4n@xing.com,2017-10-03,4121814652,8001683773
169,Lotta Ivey,livey4o@biglobe.ne.jp,2017-10-24,2148032902,5105798852
170,Prissie Veitch,pveitch4p@soundcloud.com,2017-06-08,2779387503,9804642891
171,Rawley Praundl,rpraundl4q@aol.com,2017-08-07,6286884550,5149628482
172,Peyter Rudd,prudd4r@hostgator.com,2017-09-14,4211314432,1319147991
173,Karita Hanwright,khanwright4s@technorati.com,2017-08-13,2774204659,2721988898
174,Mellisent Brugman,mbrugman4t@jalbum.net,2017-06-01,9169543606,1637032922
175,Blondie Paulusch,bpaulusch4u@google.ru,2017-06-09,4187397233,9614549070
176,Bessie Mould,bmould4v@harvard.edu,2017-08-18,8812831638,7759288706
177,Ringo Pearman,rpearman4w@xing.com,2017-02-24,4454335866,1978150323
178,Gilbertina Arstingall,garstingall4x@wordpress.com,2017-09-22,1571922954,1492552262
179,Christine Peizer,cpeizer4y@irs.gov,2017-02-25,4119400413,4522795718
180,Raquela Klemensiewicz,rklemensiewicz4z@flickr.com,2017-09-02,9914027963,5206758730
181,Northrup Rushbrooke,nrushbrooke50@cyberchimps.com,2018-01-11,3851067729,4135937102
182,Ashlin Creus,acreus51@51.la,2017-03-19,8653719006,4863334921
183,Peta Sparry,psparry52@archive.org,2017-07-10,5931419399,3252351115
184,Pet Poppleston,ppoppleston53@pagesperso-orange.fr,2017-09-04,4108113334,5979612419
185,Pierrette MacMaster,pmacmaster54@smugmug.com,2017-03-25,5323476599,6344162550
186,Dorthy Claxson,dclaxson55@comsenz.com,2017-03-15,3042310750,4344458929
187,Rafferty McCook,rmccook56@miibeian.gov.cn,2017-09-07,4354853423,7241991476
188,Dorena Aron,daron57@google.fr,2017-09-12,6292102291,2456734310
189,Deane Battabee,dbattabee58@ow.ly,2017-04-05,6804149656,8514888209
190,Emmy Lingner,elingner59@jigsy.com,2017-06-09,6635215037,1715650231
191,Humfrey Wilkennson,hwilkennson5a@list-manage.com,2017-05-18,7326468320,7288885450
192,Glen Gilstin,ggilstin5b@xinhuanet.com,2017-03-19,8399467545,2954233626
193,Lari Andreichik,landreichik5c@woothemes.com,2017-11-19,9784326073,6513391174
194,Mort Buist,mbuist5d@mac.com,2017-06-13,1679212465,5932392148
195,Elden Kleinplac,ekleinplac5e@harvard.edu,2018-02-09,6164555632,9629727287
196,Hilly Gunthorpe,hgunthorpe5f@mtv.com,2017-12-25,5567624139,4673460366
197,Clarissa Jedrzejkiewicz,cjedrzejkiewicz5g@cbc.ca,2017-10-20,9907353116,4937994049
198,Roderich Bowness,rbowness5h@rakuten.co.jp,2017-04-25,7149985059,8459533896
199,Stinky Edes,sedes5i@redcross.org,2017-12-07,5575885172,8112252529
200,Petunia Blethyn,pblethyn5j@wix.com,2017-06-21,5478951533,1679502713
201,Filberto De Winton,fde5k@github.com,2018-01-24,1985919367,9323853795
202,Hynda Mateus,hmateus5l@indiegogo.com,2017-11-13,2903452119,8214703409
203,Paquito Le Fevre,ple5m@pagesperso-orange.fr,2017-04-25,1176684496,6397777413
204,Selig Adriaan,sadriaan5n@jugem.jp,2017-09-22,7404636962,8144525809
205,Amelia Dick,adick5o@flavors.me,2017-12-23,9963808097,5899736128
206,Madlin Marguerite,mmarguerite5p@de.vu,2017-05-09,9861488101,8977187749
207,Lesya Clemetts,lclemetts5q@yale.edu,2017-08-20,6807165808,7251403327
208,Tanhya Vassie,tvassie5r@example.com,2017-09-25,4751040564,4887825220
209,Hoyt Halloway,hhalloway5s@seattletimes.com,2017-09-27,5107421379,4534727988
210,Morgun Anthonsen,manthonsen5t@parallels.com,2017-12-11,7829764623,7296253959
211,Rozina Cosbee,rcosbee5u@mlb.com,2017-10-08,9876873476,7588347925
212,Raymond Olley,rolley5v@fda.gov,2018-01-19,1756693288,4707796662
213,Joelynn Garron,jgarron5w@weebly.com,2018-01-26,5899523667,2495419433
214,Ruddy Drakes,rdrakes5x@prweb.com,2017-05-22,1139262236,1077987529
215,Olwen Duffield,oduffield5y@blogtalkradio.com,2017-07-02,7559370074,5644867130
216,Regina Hanington,rhanington5z@nbcnews.com,2018-01-08,6165095034,1926559423
217,Oliver Clutton,oclutton60@senate.gov,2017-05-31,7472553594,3255821608
218,Davina Sutherns,dsutherns61@reference.com,2018-02-16,4341862274,7357160182
219,Eveline Teare,eteare62@google.it,2017-11-26,2647332499,3004532926
220,Livvie Burcombe,lburcombe63@typepad.com,2017-06-01,1512186433,4696226660
221,Bald Massot,bmassot64@linkedin.com,2017-04-23,4534167740,3112185920
222,Emmaline O'Noulane,eonoulane65@privacy.gov.au,2017-05-27,3766094776,9899126338
223,Walton Maughan,wmaughan66@google.pl,2017-06-27,8583608878,8041529877
224,Sayre Sundin,ssundin67@indiatimes.com,2018-01-09,2817521604,6637277891
225,Cristin Kingsnorth,ckingsnorth68@feedburner.com,2017-11-14,1939994963,4181643712
226,Doe O'Lehane,dolehane69@mtv.com,2017-10-28,7929927161,4872024112
227,Kerwin Gheorghe,kgheorghe6a@nyu.edu,2017-06-17,8335610604,3177486650
228,Creigh McConnal,cmcconnal6b@omniture.com,2017-09-26,9567452631,4339339692
229,Ivan Eilert,ieilert6c@google.it,2018-01-07,9131613223,7954990890
230,Finn Press,fpress6d@parallels.com,2017-07-30,1323946512,2836051542
231,Auberta Goucher,agoucher6e@epa.gov,2017-10-09,6779886476,8429972087
232,Mycah Yonnie,myonnie6f@canalblog.com,2017-04-10,6172171065,6147601629
233,Almeria Cattroll,acattroll6g@instagram.com,2017-03-06,6533043116,3536035964
234,Fulvia De Lasci,fde6h@ezinearticles.com,2018-01-04,2725707169,9655911389
235,Ahmed Fairney,afairney6i@tinypic.com,2017-11-12,3129113835,4386563078
236,Gerald Rendall,grendall6j@simplemachines.org,2017-08-17,5776296527,4189804970
237,Parry Wakeling,pwakeling6k@phpbb.com,2017-11-10,8806501247,1725512100
238,Norry Bohike,nbohike6l@cbsnews.com,2017-05-22,6708885408,6375538467
239,Rodrique Wilgar,rwilgar6m@msu.edu,2017-07-24,2533340278,5907240209
240,Eadie Harberer,eharberer6n@statcounter.com,2018-02-20,8905609848,1779789838
241,Shaun Cocher,scocher6o@is.gd,2017-04-10,5745842591,9732722301
242,Jolee Cullington,jcullington6p@godaddy.com,2017-05-21,2754099544,8146406186
243,Jecho Laver,jlaver6q@tinypic.com,2017-06-28,9921069264,1782254617
244,Lamond Immins,limmins6r@yandex.ru,2017-08-19,6984905652,5898402503
245,Hersh Haliburn,hhaliburn6s@tripadvisor.com,2017-12-27,8484175873,9808537025
246,Lorne Wrack,lwrack6t@kickstarter.com,2017-12-08,7445393802,5127187782
247,Sigfrid Guinery,sguinery6u@ibm.com,2017-04-11,9427208606,2027383159
248,Marice Heathorn,mheathorn6v@dmoz.org,2017-09-24,3229645310,7582274062
249,Cleve Hawkswood,chawkswood6w@google.com.au,2017-08-12,2566028149,1333908255
250,Kelvin Campos,kcampos6x@godaddy.com,2017-06-26,7603596380,2886896057
251,Lorinda Chansonnau,lchansonnau6y@e-recht24.de,2017-09-18,2605217497,4819073341
252,Letisha Walmsley,lwalmsley6z@amazonaws.com,2017-03-13,9167243006,6448742261
