Keebler Inc,3542890617,ameblo.jp
Lemke Hammes and Grimes,9186706158,miitbeian.gov.cn
Pouros-Brown,3738089419,netvibes.com
Rodriguez Sawayn and Rice,4454516747,guardian.co.uk
Sanford-DuBuque,9349753911,skype.com
Sanford Inc,8505955047,hhs.gov
Denesik Rodriguez and Kirlin,9493540310,sina.com.cn
Krajcik-Gleason,6579287450,berkeley.edu
Roberts Doyle and Zieme,7587893834,example.com
Reynolds-Rowe,3632168468,unc.edu
Casper Bernhard and Hilpert,6185081339,ehow.com
Smitham Doyle and Kub,6267782810,census.gov
Hane-Casper,4897928174,google.ca
Wolf LLC,9476431336,livejournal.com
Littel-Schuppe,6091671510,gmpg.org
Schumm Block and Sanford,5315998397,ameblo.jp
Ratke Group,2494966190,360.cn
Kassulke-Schmitt,2162867491,xing.com
Lindgren Koelpin and Hettinger,9903387789,mediafire.com
Bergstrom-Mueller,6145292308,google.com.br
Smitham Hessel and Wisoky,2078036958,nydailynews.com
Sauer Group,4846723632,thetimes.co.uk
Lebsack Group,7862359814,opensource.org
Harber-Lind,7908974919,nature.com
Parker Group,2825469668,sphinn.com
Prosacco Gutkowski and Stiedemann,9925798237,woothemes.com
Morar LLC,4906842257,instagram.com
Keeling Boyle and Fahey,1128900428,uol.com.br
Will-Pfeffer,8195006010,xinhuanet.com
Schultz-Bergstrom,2864397922,bloglines.com
Prosacco-Waters,9574747481,gravatar.com
Hagenes and Sons,7677969994,shareasale.com
Botsford Inc,5065573479,ezinearticles.com
Casper Keebler and Lakin,7502923299,nhs.uk
Watsica-O'Connell,3315899979,chron.com
Renner-Morissette,1634657163,dedecms.com
Beer Inc,5633857183,foxnews.com
